barcode,id,x_pixel,y_pixel
094x076,TENX99,36022.374142,44499.114721
156x081,TENX99,38375.315318,73675.585309
044x027,TENX99,12963.550612,20969.702956

